{
    "target": [
        0.25184695466717333,
        -0.4762801027507516,
        0.030811869193178864,
        0.016811869193178865
    ],
    "obstacles": {
        "obstacle_8854a3": [
            0.42478471323090544,
            -0.4756926270938645,
            0.023075648799630023,
            0.009075648799630022
        ]
    }
}

